,0,1,2,3,4,5,6,7,8,9,10,11,12,13,14,15,16,17,18,19,20,21,22,23,24,25,26,27,28,29,30,31,32,33,34,35,36,37,38,39,40,41,42,43,44,45,46,47,48,49,50,51,52,53,54,55,56,57,58,59,60,61,62,63,64,65,66,67,68,69,70,71,72,73,74,75,76,77,78,79,80,81,82,83,84,85,86,87,88,89,90,91,92,93,94,95
0,1012.4072,703.0946153846154,792.8767441860465,605.2522807017544,801.1432258064517,449.99543859649134,521.2224806201556,555.6497391304349,781.155873015873,553.3117073170731,663.7838095238095,688.86,720.5878571428572,551.005945945946,773.0494339622642,903.4946428571429,907.7893150684931,805.7190857142865,716.7508270676701,867.0737007874019,1018.6664516129033,1058.8675675675674,1100.2442105263158,779.7548148148148,1151.7051612903226,787.494375,963.0759090909094,896.4591111111112,921.0395454545455,965.6266666666675,849.2872519083978,691.7318644067798,750.5334482758622,859.5725714285715,638.3684848484849,1116.4045161290323,794.0100000000001,853.2211111111111,987.473725490196,851.4959375000001,743.9292957746478,682.35546961326,532.7312280701765,787.7881132075477,756.8093548387099,731.162380952381,801.84,916.6321428571429,712.308888888889,715.4407692307692,901.9086363636362,617.0634042553193,864.0125842696632,898.553488372094,955.4289430894319,858.1496666666668,932.3301754385966,862.745,1079.9027027027025,1127.1229411764707,1057.3145454545454,1012.9846666666666,690.795294117647,905.528148148148,1053.9003278688526,923.9427027027035,790.3653874538758,1242.3649090909096,965.9072727272727,877.1161111111111,860.5537142857144,896.3966666666666,782.3881481481482,881.2303225806453,854.3163999999998,1081.9743750000002,1088.4758333333332,882.6728735632191,794.4477685950419,867.3585401459858,788.798787878788,925.2181818181818,821.522564102564,835.5554285714285,823.1707692307693,1274.556,729.3799999999999,718.4898245614035,915.2918840579711,528.5348235294124,839.165412844038,887.4435294117652,888.9057627118646,1049.0595555555553,758.2507142857143,726.242142857143
1,871.9712,775.9756249999999,821.8294339622641,446.218125,781.8716981132075,485.6006024096388,552.0754751131226,487.97027027027036,710.466956521739,568.4708108108108,805.2032432432433,622.3055172413793,1133.707027027027,834.4072727272727,831.2717241379311,1050.2544615384616,796.278909090909,902.0289696969702,675.5617959183683,1132.6800000000005,700.7291803278688,935.8937142857144,646.8255172413793,774.0536363636364,853.0551515151515,1044.49125,750.1697674418606,919.3964000000001,1044.54,612.4485572139309,833.1225217391313,944.5601626016262,1007.2921212121212,688.0258823529412,736.6115151515152,703.6516129032257,945.1853333333333,1005.7476923076922,910.9755555555557,786.610447761194,859.8673076923077,1020.1554098360664,640.0040727272736,895.2640000000005,1081.6723333333334,960.2581818181818,570.9306122448979,625.84625,1013.1393103448277,871.7606666666667,996.1063414634147,835.1058181818182,957.5929113924052,798.7020652173919,971.0303004291856,799.3533944954131,913.7377777777778,904.2093023255813,763.6306249999999,1008.2619512195122,813.1419354838711,1023.4279999999999,807.3419607843138,876.2227586206898,1017.2112121212122,1042.4857303370798,874.1116923076935,932.5492424242428,1010.5442105263159,1157.8894117647058,1036.7042424242427,924.2993333333333,521.8642105263159,835.9593548387097,777.5862222222222,874.5306250000001,816.0018518518519,802.3806349206355,851.693675213676,1054.3102803738323,877.45,710.8902127659574,765.4153333333333,547.233,957.9438095238095,832.2784615384616,916.8577777777779,1178.4003846153844,719.5125806451614,737.8700000000006,959.9930268199249,1596.2018897637802,1136.2533333333336,1226.2586206896551,1101.8057894736842,1319.5674418604651
2,1047.2045454545455,698.324375,989.464,642.200625,764.2200000000001,458.34437086092737,521.813723849373,541.2629508196723,779.6311475409836,711.6112820512819,857.4222222222223,817.2919999999999,847.9391304347826,677.6068292682926,604.1978723404255,860.5911475409838,860.9044444444444,770.4370053475942,776.7492173913054,1021.0345000000004,981.7660714285714,723.8826666666666,943.4159999999999,485.75615384615384,1122.6248484848484,864.8321212121211,845.2047457627119,811.921388888889,1105.037142857143,808.6565060240968,787.1745679012353,691.6394782608696,875.8410909090909,967.4990243902437,606.8296774193549,919.9079999999999,830.7888888888889,575.5391999999999,1062.6135849056604,914.1931034482758,726.8830769230769,947.8994285714293,780.5886695278982,1352.9815748031504,986.6096296296299,1221.3229268292682,976.2427027027028,1150.2459459459458,652.6165517241378,905.608947368421,1151.432,667.618947368421,887.640285714286,991.3397402597412,1141.355948275863,1103.584715447155,1074.303,1009.96,1140.567027027027,1146.6565217391305,1065.7306250000001,883.6062857142857,905.9255555555558,1004.3656410256413,1130.1903703703704,902.8231746031753,804.2248221343883,1207.7324031007754,884.1745762711865,793.9790243902439,1133.5161538461539,829.572,1019.1605882352941,1094.5076923076922,1022.5294339622642,1053.0267857142858,1118.0747169811323,1006.9784761904773,892.005086206898,788.6807017543867,998.5456666666669,1179.8138095238094,978.0579591836733,677.0818181818182,939.476129032258,1073.1624242424243,953.7145,940.5996078431373,833.7242857142858,661.6914117647066,987.8911836734707,986.9316239316245,1211.9718032786884,1006.8490566037738,1006.3582352941177,1139.0773913043479
3,947.7991304347825,855.3022857142857,959.6615000000002,620.4176923076923,753.5225,440.0653703703706,530.7703937007878,434.0916417910449,620.3040000000001,695.7515151515152,857.78,749.3244444444443,1106.1772727272728,882.4392307692307,708.4358139534884,644.6430434782608,752.9905454545456,885.5621468926562,674.8505084745772,1278.4409174311932,1085.0092,1029.1977777777777,983.5326666666666,579.014375,566.1454545454545,803.59125,705.2488888888888,880.6612903225807,841.3519298245614,853.7640718562882,745.5891449814135,684.9934482758622,730.8161290322581,1067.4646153846154,479.29999999999995,1414.38375,1024.3105555555555,1246.8545454545454,884.7103333333336,1055.357142857143,733.8403448275863,699.9669565217396,604.4742386831283,872.5922627737228,761.0736842105263,700.4564102564102,927.2636363636364,632.0661538461538,720.1139393939394,851.2466666666667,997.755111111111,765.4086956521741,1199.0964516129034,744.3643930635843,852.2525506072886,782.1269090909096,921.2206896551725,882.9132075471697,890.9248484848486,950.4453333333333,1009.656875,826.365,968.1081081081081,676.2268571428572,619.8756923076924,948.6432402234645,783.7597500000012,1008.0585454545458,1210.0929824561404,910.2415384615382,776.9755555555554,730.4446666666666,473.4242424242424,944.7742857142857,1047.577049180328,1314.0971929824564,945.8956666666668,927.9932967032972,628.7673600000008,953.9138461538467,851.4727272727274,890.1327777777777,908.159375,940.2379310344828,1086.2622222222221,1154.7478787878788,761.5323529411764,1000.5301639344264,923.5753191489362,766.5071428571437,897.5440366972484,771.9620000000002,591.2770909090909,929.4778260869566,1013.1782608695653,677.2958333333335
4,884.8415384615384,809.0161111111112,799.6643636363636,515.2628571428571,776.8240540540542,405.2821875000002,528.7510040160648,527.3825563909775,885.6807142857142,729.475,980.4726666666667,993.6728571428572,776.2775757575757,745.1495238095239,655.8345,936.0452173913044,865.3476190476192,737.698255813954,748.2293953488382,923.7940350877197,830.1157575757576,1121.388275862069,796.7177272727273,616.8276923076922,968.8896551724138,878.8741935483871,973.4013333333331,808.1593548387098,1021.5646153846153,924.2752201257867,786.1506415094349,919.4938095238101,772.2908771929825,953.5641860465116,668.3756521739131,1035.8186666666666,854.289777777778,816.329090909091,900.6365957446808,784.8453333333335,799.8410344827587,857.0244444444447,692.3743589743598,896.9216513761471,801.6941176470589,766.0682926829268,645.6606896551724,855.8829411764706,1132.145,1013.4007407407407,865.5305660377359,1038.3931914893617,928.0394202898551,884.3715053763451,1227.509058295965,983.4421818181822,1030.5184615384617,982.3529411764706,748.1585714285713,900.1675,606.1907142857143,1003.6042857142857,1231.5524324324324,760.7297959183672,1072.9551515151516,926.8184000000008,957.3635071090059,1013.7479338842977,1198.2124528301888,754.3989473684211,1484.955625,1061.1891891891892,930.2462068965517,894.5899999999999,961.4520930232559,1038.419649122807,931.7383870967742,793.5389714285719,798.0962809917364,1404.815247524753,794.9603773584904,1067.0057142857145,949.6382352941175,1007.0064705882353,941.2881818181818,793.2646666666666,680.875,1030.4554385964911,1218.8980769230768,696.2951219512204,943.2434328358224,994.4274193548393,1322.3061538461538,870.5086486486488,782.3592857142856,764.2110344827586
5,1113.858095238095,1066.3704347826088,949.3981395348836,549.5270769230768,798.4343859649122,448.1925146198833,527.0633992094868,648.6451282051283,781.672380952381,578.798918918919,916.6296774193548,692.2270967741936,820.2885714285713,848.8217391304347,773.694827586207,916.5554385964913,782.6452941176472,763.5369473684218,850.3038655462196,1002.6784873949586,998.1331343283584,958.9372972972973,1107.974193548387,855.8007407407408,843.342857142857,996.1099999999999,877.1272,718.21,913.0861016949154,963.960000000001,1002.1731555555564,757.0317073170734,968.6045454545456,947.1515151515151,533.261923076923,1048.16,1154.9824390243903,823.2779487179487,1244.4724999999999,1051.6857575757576,809.9751612903227,732.4531632653068,616.134649122808,888.6777611940304,958.128524590164,786.0913043478262,817.348,747.9605882352942,752.5605128205128,822.04,941.5104166666666,557.5391176470589,997.2375000000002,897.2851948051956,1110.1625000000006,1055.0739837398382,794.5897142857143,1115.69,1454.0744,1314.1719999999998,1029.3358974358973,708.46,823.2669565217391,934.535849056604,898.9422535211268,684.3123809523815,768.4779912663768,1207.6943589743594,1211.510491803279,854.915,1072.115172413793,953.2066666666666,751.33,678.8177142857143,825.9799999999999,1290.209387755102,1005.6246153846154,660.9365174129358,831.1800877192987,1033.299850746269,469.5014705882353,842.1651428571428,787.4005,900.1617647058823,1286.7986666666666,934.82125,774.3530612244898,847.7473684210526,1167.7037735849058,841.2185786802042,1018.6186956521755,1087.9205660377365,880.107317073171,754.991914893617,879.4028571428572,707.7306666666666
6,795.8523529411764,635.604,947.9578571428572,509.85461538461544,693.5010344827585,530.911085714286,548.6241841004189,557.5182905982906,789.9873846153847,540.3881081081081,982.6205,744.4238709677419,895.9175,500.0894117647059,626.9914893617022,1157.4813333333334,855.7143749999999,770.8198837209309,789.7087449392722,945.0147008547015,1055.994411764706,1049.5528571428572,1234.3555555555556,852.1755,1178.7258333333334,1388.301111111111,803.8065454545455,815.3555882352942,722.7164705882354,1069.4923655913983,960.8200892857154,669.7359349593497,901.8532075471699,894.7310526315789,623.1673333333332,883.2866666666666,1079.7972972972975,765.6908108108107,1118.7844444444443,1188.619512195122,824.002985074627,682.4848000000005,596.3014516129041,913.9749152542379,936.0575510204081,786.846,624.7727272727273,541.9676470588234,774.9835714285715,1035.3433333333332,1062.5323076923075,723.6446428571429,1056.9936363636364,1003.3784523809534,1096.662914979758,1014.1157575757578,995.0493548387097,839.9165714285714,1126.322380952381,1104.7640000000001,914.4113333333333,842.2761111111112,837.605,790.9149999999998,896.8739285714285,714.2881818181826,893.6600000000013,1177.39676923077,1310.14,945.2257894736842,968.6463157894736,1061.0422222222223,906.608275862069,1093.4215384615386,951.6466666666666,1216.498947368421,999.1609090909093,648.5403370786521,879.3977868852468,1113.470280373832,643.3540350877194,967.0697560975608,759.2624999999999,877.2188235294118,847.017037037037,1070.7330769230769,689.3125925925925,929.074909090909,870.7148,815.2787064676627,705.342267206479,820.6780487804881,761.6632786885247,786.2586956521741,652.3818181818182,682.121935483871
7,979.9127272727274,793.2333333333333,943.4839130434782,632.7976923076924,748.9377777777778,463.1541317365272,539.5614096916303,421.7303278688525,662.5550000000001,656.43,886.811875,678.5253846153846,685.4248000000001,691.8363636363636,908.2829166666667,737.0696551724138,887.3731250000003,841.0130337078658,698.0737743190671,1013.3352459016397,962.6560000000001,930.1765714285715,898.3952,622.1895652173913,934.358125,851.5495999999999,797.4479166666666,929.6941333333335,889.4490196078432,826.1802259887011,805.4266129032264,559.8991752577322,652.8585714285715,882.1776000000001,628.0358974358975,1142.20625,734.5233333333333,881.9115151515151,606.0924,888.1610714285715,464.6662068965518,634.3434146341469,701.8874814814828,1178.5390243902443,1006.2245833333333,1080.8629999999998,834.8869565217391,765.9344,1171.6064285714285,650.6,1021.9536170212764,994.0992592592594,957.5772307692309,908.2305617977531,943.6119101123604,719.727338129497,903.8295833333333,788.7122222222222,963.4780952380953,941.3029999999999,1221.8223076923075,852.3593548387096,878.3317073170731,562.2222950819672,870.3682352941179,900.6334939759045,647.2897692307703,1127.2455652173917,826.024347826087,694.3455813953487,619.7587878787879,864.588275862069,569.2811764705883,878.4924137931034,1022.8528000000001,1039.0027450980394,1222.0158490566039,1016.2407100591719,675.2046861924698,973.1245217391307,922.7452459016395,1065.176875,1163.28,1162.3989743589743,1226.9139393939395,1145.067142857143,771.0886274509804,778.1748387096774,935.5250704225354,934.938875000001,1007.0527014218014,976.6846875000002,559.683448275862,733.9319047619049,636.197894736842,918.4784
8,965.3729999999999,638.62,886.2995555555556,493.01968750000003,709.704705882353,416.4728409090912,624.9016425120776,553.0026804123712,817.2906382978724,623.574054054054,1022.6630303030303,797.0528571428571,738.1477419354839,1038.2070967741936,623.2171428571428,1183.9913207547172,827.5501960784314,883.9088541666673,763.1793469387766,922.2452892561988,930.2611111111112,894.8906666666667,608.288,708.3561111111111,928.8605128205128,916.6564705882353,900.846976744186,753.9235714285714,768.2342857142859,658.4572972972978,787.09250996016,669.2413223140497,765.3038709677419,933.6269387755101,658.6082352941177,1083.622105263158,970.0173684210525,870.1633333333333,827.8834285714286,1001.5652307692309,704.4337142857142,949.6714838709684,733.7722857142868,799.5325396825402,974.020322580645,873.9321212121213,821.3690322580645,905.2353846153848,694.8387878787879,629.4014814814815,995.4273913043479,636.0711475409838,1021.2784615384614,804.6823170731714,724.9499588477377,870.2557894736844,739.1396825396827,858.511891891892,998.4876470588235,977.6729032258065,860.0425806451613,939.1608,864.1522222222222,549.206,960.6663414634146,782.9228742514977,793.1126180257522,1137.535263157895,1013.1770212765957,667.9642105263158,803.2786666666667,983.7366666666666,964.1703225806451,742.655,1018.1407692307694,1627.282142857143,1011.0547826086956,898.9483157894742,650.9692369477917,869.2463235294122,708.6596666666667,982.7054545454544,832.2745454545455,653.7841666666667,1123.5369230769231,1020.0614285714285,544.3131818181818,798.4033333333333,912.4016,684.6267724867732,919.0614693877568,932.4836507936512,1160.7564705882355,927.2338095238097,1023.1258064516128,962.7344680851064
9,1057.9842857142858,859.5229411764707,927.584,587.8262068965516,609.9886567164178,461.0220930232561,620.2843518518522,496.5409917355374,710.4171929824561,665.8922448979592,690.04,692.6610810810811,772.7857142857143,709.2416000000001,593.5425,998.9067857142857,579.1174603174604,967.2405780346827,765.9445901639352,932.623762376238,1151.8003773584906,764.3446808510638,980.1874074074075,522.6221052631579,950.4822222222222,655.6084615384615,1057.6983333333335,909.6903571428572,1055.2739682539684,812.8944385026745,723.969767441861,685.2906306306309,676.4021428571428,986.0783673469386,774.7868571428571,1163.692,699.3369230769232,1057.6046153846153,775.3378723404256,919.2570588235294,726.7806060606063,515.9612871287133,722.3424347826098,1156.448703703704,1052.5106666666666,701.414,1152.6361111111114,754.9126666666667,822.8841379310345,569.9680000000001,930.000425531915,818.1075000000001,965.4221212121212,710.9294949494956,702.1795141700414,948.9763779527564,807.1441509433962,1092.037619047619,1007.335,954.2316666666667,929.7254545454546,1257.9544444444446,732.7290625,980.2410169491527,913.6264788732395,883.8570526315797,739.2302962962972,906.5985714285717,1205.0852631578948,1047.9027777777778,1110.7574193548385,653.6942857142858,932.8876923076924,368.3021428571428,1129.8494339622641,1021.2971875000001,806.7733333333334,1242.402125000001,839.7742857142866,961.4242990654209,808.1832786885248,860.0199999999999,686.0123809523809,1354.3286956521738,883.9074285714287,1496.3741935483872,938.9332075471697,923.2652830188679,898.0769767441861,853.5541666666671,762.523963963965,823.9231932773113,949.7496875000002,748.5655,1122.8962962962962,647.2540740740741
10,1081.8373913043476,870.6341935483872,841.8184615384616,550.1315789473684,776.8014492753624,439.63623529411785,500.18125523012594,489.9275675675676,881.7043636363637,616.6635294117648,1073.649677419355,933.2933333333334,957.3941176470589,569.5418181818181,675.4765384615384,992.7040625,923.9794202898552,940.3696385542174,661.480312500001,1047.685178571429,863.3063492063493,816.1163636363636,772.9069230769231,626.300909090909,893.8766666666667,1196.200740740741,944.9316,778.3063636363638,1026.8009836065573,723.7039306358386,823.6419531250009,724.3255284552846,696.1623333333334,1263.9466666666667,659.7661538461539,714.5274999999999,1015.4018181818183,981.9278260869565,965.1515254237288,654.6481967213115,760.3163636363637,951.9846428571434,560.4684848484854,836.5494642857146,897.5523943661972,785.3445454545455,1143.38375,1031.7708333333333,656.4325925925926,674.4353191489362,865.0024000000002,962.1417857142858,884.1856,709.345280898877,973.2756896551734,880.8049541284407,894.8752,895.4022222222222,811.4,863.4121212121213,823.3021428571428,1386.79,684.0079245283018,852.7186666666665,818.8583673469388,897.1114457831333,754.2715200000013,1209.8614678899087,905.6135849056604,817.1666666666666,918.0336363636362,614.4316666666666,739.9017647058823,573.5541666666667,904.0617142857143,1060.5627692307692,1076.9222857142856,647.820114942529,723.2382062780274,587.2466153846156,860.9040000000003,957.3012121212122,1057.3816666666667,1105.7966666666666,977.55,935.6180952380952,769.5937777777779,962.6949019607844,592.6295833333334,845.0632631578958,793.8878008298768,1291.0245669291344,762.8068852459018,689.7308695652174,853.3328571428572,781.3069230769231
11,765.4164102564102,878.8170370370369,944.7604545454545,547.3406060606061,841.6949019607844,435.1956097560978,554.1266375545855,442.63022222222236,798.1241509433962,555.0539999999999,1070.7930769230768,789.1744827586207,1004.2994117647058,739.2222222222222,583.9451612903225,1103.1286206896552,633.9149333333335,835.0581621621628,675.5277732793533,1090.307407407408,1016.4774603174604,778.3168965517242,723.2784615384616,514.791052631579,1129.39,756.0420689655173,1162.9321951219513,810.8423333333335,1036.6908474576271,575.5716279069771,736.1901310043675,559.9519642857143,664.8056,1323.3472222222222,807.7681081081081,1159.1685714285716,736.5539130434784,767.2952380952381,962.1487272727272,987.3663768115941,623.2138028169015,844.6688659793822,805.1661194029863,1219.162666666667,1103.825925925926,791.0365714285715,1133.1344827586204,1089.8026666666667,562.6127272727273,845.1533333333334,843.0639215686275,610.0484615384615,1112.4779591836734,717.260645161291,729.1181451612914,1073.1940677966106,918.5062857142858,1028.2920000000001,783.3122580645162,944.85375,1263.0564285714286,1068.1466666666665,930.2187234042553,968.1065517241382,1037.4728571428573,1059.160110497238,778.5121397379919,896.9354237288138,728.6606557377049,949.809,1266.0410526315789,474.70842105263154,1085.6844444444446,971.550303030303,1027.1073469387757,1070.3666666666668,995.5429787234043,687.5596808510644,1101.3296000000014,778.2026277372266,1022.2622222222222,1326.03,901.0194117647058,1123.528717948718,989.6478048780488,825.1496000000001,780.5352173913044,1063.7742372881355,538.1383050847458,1070.007120418849,1068.4906140350888,934.2584615384624,962.9647619047621,1052.4284210526318,1089.3891428571428,1064.710625
12,880.8413333333333,652.8411764705883,844.2915254237289,457.4294117647059,822.1323333333333,402.0691005291007,522.4576470588239,533.4887719298246,761.174,632.870731707317,982.4942857142858,863.2361290322581,898.8072727272727,995.5024242424242,573.3791304347826,968.2676190476193,730.6086274509804,924.6589189189197,811.8772244897968,963.3075200000003,837.575,1001.1908108108107,803.0817142857143,508.73428571428576,630.319393939394,817.7121428571428,851.6314814814816,941.2421538461539,986.0284444444444,788.0015555555563,769.845333333334,419.7071014492755,631.6492537313433,701.255744680851,632.9586666666667,1190.3935483870966,1189.5492307692307,1228.2466666666667,888.7932075471697,753.7186206896552,572.2641379310345,547.4712359550567,676.6205668016205,1311.1255932203396,774.3620289855073,1135.4078787878789,920.941142857143,1095.6060869565217,757.6469999999999,641.1585185185185,856.933559322034,942.6285714285714,1170.671343283582,860.4767045454552,805.9222134387362,1005.6000000000007,1327.548,922.5847619047619,715.8070270270271,678.6145454545455,715.9496774193549,581.5874074074075,732.7259701492538,774.9439344262296,859.8472727272729,942.293636363637,1071.6360000000009,793.802142857143,681.475294117647,924.2047368421054,695.8575,959.2697142857144,1015.5373913043477,1255.6135483870967,1267.8952631578948,842.3741818181818,949.192,894.0510714285722,550.460894308944,988.4003571428576,916.3225925925925,759.9110204081633,935.2711764705882,1112.12,537.921052631579,1072.458787878788,802.4511627906977,798.3672727272728,844.8147692307693,771.9878481012664,1039.5809606986907,872.93701754386,998.9215384615386,905.1536585365855,1174.4935294117647,830.3138461538462
13,879.7281481481482,704.484,820.7319047619048,541.1872727272727,786.8407142857143,412.8004716981134,589.3564824120607,560.3401587301587,847.5167647058823,603.3852941176472,913.425625,881.9418181818182,809.4096296296296,601.0432258064516,665.6277966101696,904.8637931034484,958.7653333333334,831.855698924732,777.6441176470597,1029.2601492537322,974.2209230769233,652.9962790697674,736.6590476190476,832.7184615384614,1138.085,1251.1692307692308,773.4407142857143,873.2316981132075,863.1662068965517,809.0900000000007,783.9525093632969,1090.9132203389836,849.0078125,1171.7645,1100.0565217391304,739.6676470588235,843.9829411764705,864.932,860.7035555555557,945.7472413793104,859.4633846153847,1008.9636756756761,861.644626334521,972.3873267326738,1064.3898039215687,1022.2847826086958,606.4223255813954,728.4297297297297,1043.1533333333332,693.1057142857143,1039.4143396226416,943.5420833333334,902.6956666666667,957.5739506172849,1042.2602264150955,1032.8508411214957,908.7669841269842,795.496170212766,1869.7925925925924,1011.0807142857144,854.7253333333333,756.7257142857143,770.6749152542372,758.2115789473685,745.0232000000001,808.4293532338318,1007.1071186440691,965.3022222222227,1214.4939622641512,1086.8262857142856,1151.1238888888888,1081.118,891.3684210526316,1137.3432,922.9026086956522,1442.0720000000001,800.8007547169811,753.8472222222227,826.27608888889,1427.6894827586211,821.4543243243245,967.491914893617,1006.5368749999999,775.28,853.0873333333334,695.4019354838711,1059.7848648648649,799.5858823529412,1106.572156862745,799.6623225806459,913.7267980295577,913.3647692307695,1051.846031746032,1104.017,767.2615384615384,899.3095454545454
14,1244.9908333333335,778.4966666666666,860.0923636363636,562.3872,792.9258461538461,449.1083720930235,534.1453617021282,528.6651612903227,678.4384126984129,618.9425,917.6739393939395,709.4123076923078,847.6972413793104,727.7760000000001,639.0121739130436,971.275081967213,762.9225454545455,831.4579005524869,719.8369747899168,843.0604724409453,936.3226923076923,1023.9190476190478,995.660625,922.1528571428571,600.625,808.1919999999999,778.0770967741935,759.5118518518518,999.6705882352943,736.2977777777784,618.8318466898962,525.3886538461539,797.9707692307692,859.3087272727272,583.8322222222222,889.9158620689655,1063.766,925.4227777777778,1142.258947368421,1060.8618604651163,845.5128,744.9818072289161,629.8353648068677,973.4533884297523,610.7659016393444,859.4383333333333,880.5677777777778,610.72,779.1453333333334,1038.112,676.8586885245902,705.3656249999999,1009.6366666666667,582.2858695652179,832.4856170212778,1019.1485000000007,1205.5318309859156,941.7481081081081,1058.1565,1012.4011111111112,1052.0451851851851,909.7644444444444,755.2660000000001,891.9496296296296,896.842105263158,857.292751677853,843.4439662447268,931.6269090909095,985.4146031746034,980.5211764705882,746.34,965.9292307692308,982.7653846153846,899.6443750000001,1096.5679310344829,1016.5072727272728,905.0249180327869,966.5530386740338,729.5806113537127,943.3316923076928,705.7571875000001,1246.168888888889,736.8699999999999,893.1606250000001,876.4325714285714,779.5307142857143,700.07,603.2719298245614,968.740634920635,725.0136216216221,1251.5459259259271,840.6500000000004,1282.7139622641512,1078.9664864864865,1338.0033333333333,769.338125
15,998.7007692307693,820.9157142857142,1020.6624,516.2727868852459,771.5519298245614,392.90414634146356,533.8633043478266,578.0209090909091,850.788076923077,643.4558974358976,832.9923529411765,953.2345454545455,751.2922222222222,808.979393939394,622.9225806451612,882.9944827586207,872.1127868852459,945.326943005182,678.4906400000009,1034.8618181818188,949.2920000000001,854.572,878.6735483870968,658.52625,831.216,899.7979310344828,699.0663829787235,924.411153846154,1215.6896153846153,824.9677714285721,866.0966283524912,525.2053658536588,695.5866666666667,738.8715151515153,818.3668965517242,988.2281481481482,1074.3793333333333,902.3628571428573,946.5873913043479,888.8809230769232,627.6462222222223,615.0160479041921,656.5391634981002,1014.7113821138214,948.0041509433962,739.5051063829789,1114.6744827586206,737.0971428571429,982.2017647058824,818.6725714285715,818.2305882352941,846.2940983606558,938.7406451612904,694.0428901734108,782.0289516129038,783.4396039603964,848.6498181818183,1093.145909090909,869.1237037037037,972.1725,817.6510344827585,616.7399999999999,721.085306122449,695.4261971830987,566.2644827586207,902.9595628415309,769.44888888889,1045.2177952755908,1203.707419354839,961.6846153846155,997.9494117647058,799.1977142857143,605.3142857142857,1074.0718181818181,905.2040000000001,1077.0904225352112,1389.43,1077.2921250000006,769.310737704919,878.8182142857149,914.7644897959185,847.9447619047619,821.0773333333333,1036.1484848484847,690.1014814814814,904.4622222222222,541.5781132075472,756.8334426229511,959.6368421052632,848.0880000000008,905.3893723849379,1102.1965079365082,635.5910714285714,1115.7935483870967,842.3890476190476,653.628
16,894.7307692307693,813.3307142857142,870.0379310344827,614.8436923076922,798.6935483870968,391.1235838150291,524.90779661017,532.1456410256411,812.0347619047619,534.8204255319149,970.7954838709677,725.4345454545455,903.0904545454545,578.745,783.8075555555556,915.2485714285714,740.2739682539684,891.7570000000007,783.1785483870976,941.1114529914535,856.8860606060607,988.61,886.9545454545455,565.4309090909092,803.9415384615385,990.1550000000001,870.0960784313727,790.8924137931035,879.8722448979591,797.5238202247199,885.4980590717307,545.5656910569107,712.0658461538461,866.1836363636364,663.1678947368421,986.51125,1021.4585365853659,1067.072,866.1716363636364,790.9457142857143,561.2932258064516,590.2647500000004,657.7399203187263,1117.9152307692314,847.0165625000002,770.028,1215.715,780.3454054054055,1016.9482352941176,588.0073333333333,862.4293333333334,843.822807017544,1186.5072727272727,770.0789534883726,732.4324166666672,813.1277966101698,1087.3962962962964,826.1858823529411,855.1194871794872,1067.1646666666666,827.7259259259258,887.5367741935484,898.9549999999999,748.4147368421053,654.4945762711865,892.7815217391311,778.7893061224503,821.1135714285717,1410.0670833333334,702.0134693877552,837.6832432432432,1053.2672727272727,697.6007142857143,948.8958333333334,779.2063492063492,1056.2746268656717,1013.7532075471697,868.1724050632914,621.7201626016267,834.4603076923083,854.3417283950619,1253.477272727273,788.2027906976745,781.5507692307692,857.2938888888889,1049.1096,785.6974545454545,804.4964285714286,968.8873972602744,669.5383168316837,940.3627966101702,1126.9644274809161,526.1110769230769,942.1589743589743,1026.0926315789472,791.2043902439024
17,733.4413793103448,895.0354838709678,1060.6493103448277,520.2227906976744,694.3752238805971,440.79500000000013,577.0509952606639,459.2954411764707,782.9521428571428,754.5261111111112,1074.0148148148148,686.215625,968.0367741935484,823.9311111111111,760.6680701754386,705.2988679245284,844.898787878788,921.8524719101131,722.4158847736636,1055.0710958904115,995.1990625000001,820.2554716981132,1099.5496551724138,728.8805405405406,754.2340740740741,719.7169696969697,981.875593220339,1051.1151724137933,994.7684057971015,970.0366279069777,690.8455084745768,590.8548275862071,715.2898181818182,981.5423255813953,532.5566666666666,1261.8575,966.8266666666667,1251.6508333333334,689.26,921.8929411764706,658.9902941176472,564.6172864321613,730.3182509505716,1365.4268468468472,886.3971929824561,674.9848888888889,840.1899999999998,581.8082352941177,684.6779310344828,531.0827586206897,928.7698039215685,815.0711111111112,963.3063888888888,769.6018811881195,884.0152727272737,936.9782733812956,1403.7514754098363,1262.0073469387755,719.0651282051282,870.4891428571428,660.3177777777778,1366.1366666666665,901.7743478260869,787.5550724637682,1046.0455172413795,898.5248913043486,1179.454188034189,946.483529411765,1075.0989830508477,640.2121951219513,1066.3482352941176,1128.3554838709676,1130.7494444444444,641.73,1069.266,776.5231578947369,920.7593220338983,887.7527810650895,586.4169037656914,1061.418500000001,854.2591111111112,1202.0625,586.0294117647059,692.0646153846154,595.1502222222223,1063.2290322580648,933.3952173913043,912.0419354838709,1001.0021428571428,789.1115957446814,973.1185344827595,722.4496969696974,926.5593548387099,912.2747368421053,1384.4223529411763,1186.786
18,988.9521428571428,555.943125,986.7120930232559,564.9292537313434,695.784776119403,392.66586956521763,536.1249339207053,511.39829787234044,705.5270967741936,731.066976744186,993.3633333333333,916.0144827586206,669.7903030303031,709.314074074074,542.585,951.0512903225805,832.1835087719298,888.4661111111119,722.745076923078,934.1772262773728,784.4648148148149,930.6039024390243,1000.1712500000001,644.4896969696969,622.7666666666667,1166.9911764705882,790.2367441860464,828.9393103448277,897.3726984126985,672.3364044943824,902.747083333334,644.5582945736436,828.9271698113207,788.0620512820514,603.1987096774194,1085.9785714285713,1123.560588235294,854.425,1000.9191666666666,984.3349206349208,842.121090909091,946.3141317365275,474.7144881889771,917.218983050848,703.6354166666669,970.9210256410256,778.212,684.0276923076922,502.36479999999995,797.9290909090909,892.9222641509435,564.0070370370371,914.6983050847458,836.5262433862445,1105.0603053435125,860.5453333333337,737.1955555555556,1038.9209523809525,1133.7083870967742,925.2392,885.2553333333333,1037.1869230769232,915.0488372093023,884.5329032258065,824.3027586206897,707.9634375000006,888.6068164794024,1274.9342342342345,1007.48,1272.6994594594594,691.7868292682926,594.2925,1135.0553333333332,693.4971428571428,894.8465217391305,1278.0622857142862,1058.3242253521128,666.2863440860217,832.3600995024882,1001.6631067961167,788.2479245283018,747.7948571428573,959.7575757575758,1301.7951724137931,1079.517857142857,1134.4437037037037,638.6179310344827,834.6307936507937,993.8282539682541,909.6793406593415,698.604573643412,894.2527131782948,955.4564912280703,853.141463414634,671.7779310344828,857.8704000000001
19,883.1600000000001,667.5957142857143,870.7270175438597,516.340350877193,757.0460714285715,386.153678756477,495.0753725490202,551.6977777777778,986.6427906976744,642.0336170212767,857.4812903225805,684.9158620689656,1108.5006250000001,719.7,663.1303125,977.0620289855075,1089.8761904761907,867.281149425288,683.211406250001,946.6708108108113,818.5865714285713,773.7953488372092,992.726,859.6547826086955,857.36,947.8094117647059,879.0522448979593,713.5350000000001,964.88375,774.2345783132536,877.6013559322042,770.736595744681,888.4498412698414,1082.4144444444444,387.52409090909083,950.3771428571428,1064.4330434782607,1128.6443749999999,1079.5025,1057.2345161290325,820.3266666666667,927.4982926829274,661.7150684931518,1056.695238095239,1040.3090000000002,848.3672727272726,1552.2453846153849,595.4148148148148,1016.2761290322582,920.971724137931,906.2125,651.0502325581397,1031.4120000000003,817.9643564356445,1138.7412765957454,760.6968750000004,978.9966037735848,848.1051428571428,967.4496551724138,1053.2091666666668,1014.2304347826087,858.7648275862069,936.6876363636363,903.1993846153847,964.3777049180328,761.6431868131874,866.3049769585267,1188.1653448275868,1102.6228571428571,799.7634285714284,923.29125,834.3578571428571,646.6686666666666,1025.0622222222223,1022.4084615384617,918.2119298245615,1175.2958064516129,649.1028901734106,758.450087719299,1029.0009174311929,741.0161403508773,1261.1710344827586,786.9022857142858,900.2928571428572,954.4031111111111,1179.648275862069,797.6491304347826,1093.1232352941176,1057.601568627451,828.7696000000008,987.1629387755116,926.0912500000004,733.2641935483871,686.9449999999999,1007.4666666666667,968.1637499999999
